Plot,Side,Crop,Crop_ID,sample area (m^2),Corn_weed_management,Year,Block,DIGSA,SETFA,SETLU,PANCA,ECHCG,ERBVI,CYPES,AMATA,CHEAL,SOLPT,PHYSU,POLPY,ABUTH,TAROF,EPHHT,CIRAR,SONAR,PLAMA,PANDI,EPHMA,FESSP,CIRVU,MORAL,AMARE,AMBEL,POROL,POPDE,BROTE,CCHPA,EUPHY,AGRRE,DACGL,CONAR,ARFMI,Total
11,E,corn,C3,18.532,low,2017,1,0,0.7014893157781136,0,0,0,0,0,0,0.26980358299158214,0.05396071659831642,0,0,0,0,0,0,0,0,0,0,0,0,0,0,0,0,0,0,0,0,0,0,0,0,1.025253615368012
11,W,corn,C3,18.532,conv,2017,1,0.05396071659831642,0.2158428663932657,0,0,0,0,0,0.26980358299158214,0,0,0,0,0,0,0,0,0,0,0,0,0,0,0,0,0,0,0,0,0,0,0,0,0,0,0.5396071659831643
12,E,oat,O4,2,low,2017,1,0,0,51.5,0,0,0,0,2,16,0,0,0,0,0.5,0,0,0,0,0,0,0,0,0,0,0,0,0,0,0,0,0,0,0,0,70
12,W,oat,O4,2,conv,2017,1,5.5,0,32,0,0,0,0,5,17,0,0,0,0,0,0,0,0,0,0,0,0,0,0,0,0,0,0,0,0,0,0,0,0,0,59.5
13,E,soybean,S2,18.532,conv,2017,1,0.05396071659831642,0,0,0,0,0.05396071659831642,0,0.7014893157781136,0,0,0,0,0,0,0,0,0,0,0,0,0,0,0,0,0,0,0,0,0,0,0,0,0,0,0.8094107489747464
13,W,soybean,S2,18.532,low,2017,1,0,2.6440751133175047,0,0,0.05396071659831642,0,0,0.48564644938484786,0.05396071659831642,0,0,0,0.10792143319663285,0,0,0,0,0,0,0.05396071659831642,0,0,0,0,0,0,0,0,0,0,0,0,0,0,3.399525145693935
14,E,corn,C4,18.532,conv,2017,1,0,0.37772501618821497,0.26980358299158214,0,0,0,0,0.26980358299158214,0,0,0,0.05396071659831642,0,0,0,0,0,0,0,0,0,0,0,0,0,0,0,0,0,0,0,0,0,0,0.9712928987696957
14,W,corn,C4,18.532,low,2017,1,0,0.26980358299158214,0,0,0,0,0,0.2158428663932657,0,0,0,0,0,0,0,0,0,0,0,0,0,0,0,0,0,0,0,0,0,0,0,0,0,0,0.48564644938484786
15,E,oat,O3,2,low,2017,1,0,3,0.5,0,0,0,0,5,13,0,0.5,0,0,0,0,1.5,0,0,0,0,0,0,0,0,0,0,0,0,0,0,0,0,0,0,23.5
15,W,oat,O3,2,conv,2017,1,0,2.5,1.5,0,0,0,0,5.5,15.5,0,0,0,1,0,0,0,0,0,0,0,0,0,0,0,0,0,0,0,0,0,0,0,0,0,26
16,E,soybean,S3,18.532,low,2017,1,0,0.9173321821713792,0,0,0,0,0,0.37772501618821497,1.6188214979494928,0,0,0,0,0,0,0,0,0,0,0,0,0,0,0,0,0,0,0,0,0,0,0,0,0,2.913878696309087
16,W,soybean,S3,18.532,conv,2017,1,0,0.10792143319663285,0.05396071659831642,0,0,0,0,0.16188214979494928,0.10792143319663285,0.05396071659831642,0,0,0.05396071659831642,0,0,0,0,0,0,0,0,0,0,0,0,0,0,0,0,0,0,0,0,0,0.5396071659831643
17,E,soybean,S4,18.532,conv,2017,1,0,0,0,0,0,0,0,0,0.10792143319663285,0,0,0,0,0,0,0,0,0,0,0,0,0,0,0,0,0,0,0,0,0,0,0,0,0,0.10792143319663285
17,W,soybean,S4,18.532,low,2017,1,0,0.5396071659831643,0,0,0,0,0,0.05396071659831642,0,0,0,0,0.16188214979494928,0,0,0,0,0,0,0,0,0,0,0,0,0,0,0,0,0,0,0,0,0,0.7554500323764299
18,E,alfalfa,A4,2,conv,2017,1,51,0,5.5,0,0,0,0,0,6.5,0,0,0,0,28.5,0,0,0,0,0,0,0,0,0,0,0,0,0,0,0,0,0,0,0,0,91.5
18,W,alfalfa,A4,2,low,2017,1,17,0,19,0,0,2,0,0,1.5,0,0,0,0,35.5,0,0,0,0,0,0,0,0,0,0,0,0,0,0,0,0,0,0,0,0,75
19,E,corn,C2,18.532,conv,2017,1,0.10792143319663285,3.3455644290956186,1.9965465141377077,0,0,0,0,1.025253615368012,0.05396071659831642,0,0,0,0,0.05396071659831642,0,0.26980358299158214,0,0,0,0,0,0,0,0,0,0,0,0,0,0,0,0,0,0,6.853011007986186
19,W,corn,C2,18.532,low,2017,1,0.05396071659831642,2.26635009712929,0,0,0,0,0,0.05396071659831642,0.05396071659831642,0,0,0,0,0,0,0,0,0,0,0,0,0,0,0,0,0,0,0,0,0,0,0,0,0,2.4282322469242392
21,E,oat,O4,2,conv,2017,2,18.5,0,23,0,0,0.5,0,36,39,0.5,1,0,0,8,0,0,0,0,0,0,0,0,0,0,0,0,0,0,0,0,0,0,0,0,126.5
21,W,oat,O4,2,low,2017,2,3,0.5,130.5,0,0,3,0,8.5,51,0,0.5,0.5,8,4,0,0,0,0,0,0,0,0,0,0,0,0,0,0,0,0,0,0,0,0,209.5
22,E,soybean,S4,18.532,low,2017,2,0,0.4316857327865314,0.05396071659831642,0,0,0,2.6440751133175047,0.05396071659831642,0.05396071659831642,0.10792143319663285,0,0.10792143319663285,0.05396071659831642,0,0,0,0,0,0,0,0,0,0,0,0,0,0,0,0,0,0,0,0,0,3.5074465788905678
22,W,soybean,S4,18.532,conv,2017,2,0,0,0,0,0,0,0,0,0,0,0.05396071659831642,0,0.16188214979494928,0,0,0,0,0,0,0,0,0,0,0,0,0,0,0,0,0,0,0,0,0,0.2158428663932657
23,E,corn,C3,18.532,low,2017,2,0,0,0.05396071659831642,0,0,0,0,0,0.32376429958989855,0,0,0,0,0,0,0,0,0,0,0,0,0,0,0,0,0,0,0,0,0,0,0,0,0,0.37772501618821497
23,W,corn,C3,18.532,conv,2017,2,0.16188214979494928,0,0.32376429958989855,0,0,0,0,0.05396071659831642,0,0,0,0,0,0,0,0,0,0,0,0,0,0,0,0,0,0,0,0,0,0,0,0,0,0,0.5396071659831643
24,E,soybean,S2,18.532,low,2017,2,0.10792143319663285,0.2158428663932657,0.10792143319663285,0,0,0,0,0.37772501618821497,0.7014893157781136,0.05396071659831642,0,0,0,0,0.05396071659831642,0,0,0,0,0,0,0,0,0,0,0,0,0,0,0,0,0,0,0,1.6188214979494928
24,W,soybean,S2,18.532,conv,2017,2,0,1.6188214979494928,0.10792143319663285,0,0,0,0,0.16188214979494928,4.154975178070365,0.16188214979494928,0,0,0.05396071659831642,0,0,0,0,0,0,0,0,0,0,0,0,0,0,0,0,0,0,0,0,0,6.259443125404705
25,E,soybean,S3,18.532,low,2017,2,0,0.10792143319663285,0.05396071659831642,0,0,0,0,0,0.5935678825814806,0,0,0,0,0,0,0,0,0,0,0,0,0,0,0,0,0,0,0,0,0,0,0,0,0,0.7554500323764299
25,W,soybean,S3,18.532,conv,2017,2,0,0.4316857327865314,0,0,0,0,0,0.16188214979494928,0.05396071659831642,0,0,0,0,0,0,0,0,0,0,0,0,0,0,0,0,0,0,0,0,0,0,0,0,0,0.6475285991797971
26,E,oat,O3,2,low,2017,2,1,0,65,0,0,0,0,0,27.5,0,0,0,0,0,0,0,0,0,0,0,0,0,0,0,0,0,0,0,0,0,0,0,0,0,93.5
26,W,oat,O3,2,conv,2017,2,0,0,3,0,0,0,0,4,23.5,0,0,0,0,0,0,0,0,0,0,0,0,0,0,0,0,0,0,0,0,0,0,0,0,0,30.5
27,E,corn,C2,18.532,low,2017,2,0.16188214979494928,0.6475285991797971,0.8633714655730628,0,0,0.26980358299158214,0,0.5396071659831643,0.32376429958989855,0,0,0,0,0,0,0,0,0,0.05396071659831642,0,0,0,0,0,0,0,0,0,0,0,0,0,0,0,2.8599179797107706
27,W,corn,C2,18.532,conv,2017,2,0.7554500323764299,0.48564644938484786,0.32376429958989855,0,0,0,0,0.37772501618821497,0.05396071659831642,0,0,0,0,0,0,0,0,0,0,0,0,0,0,0,0,0,0,0,0,0,0,0,0,0,1.9965465141377077
28,E,alfalfa,A4,2,low,2017,2,0.5,0,3,0,0,0,0,0,0,0,0,0,0,66.5,0,0,0,0,0,0,0,0,0,0,0,0,0,0,0,0,0,0,0,0,70
28,W,alfalfa,A4,2,conv,2017,2,3.5,0,38,0,0,0,0,1,0,0,0,0,0,43,0,0,0,0.5,0,0,0,0,0,0,0,0,0,0,0,0,0,0,0,0,86
29,E,corn,C4,18.532,low,2017,2,0,0.16188214979494928,0,0,0,0.05396071659831642,0,0.10792143319663285,0.16188214979494928,0,0,0,0,0,0,0,0,0,0,0,0,0,0,0,0,0,0,0,0,0,0,0,0,0,0.48564644938484786
29,W,corn,C4,18.532,conv,2017,2,0,0.10792143319663285,0,0,0,0,0,0,0,0,0,0,0,0,0,0,0,0,0,0,0,0,0,0,0,0,0,0,0,0,0,0,0,0,0.10792143319663285
31,E,oat,O4,2,low,2017,3,2,42.5,1,0,0,0.5,0,41,44.5,1,0,0,0.5,0.5,0,0,0,0,0,0,0,0,0,0,0,0,0,0,0,0,0,0,0,0,133.5
31,W,oat,O4,2,conv,2017,3,1,38,0,0,0.5,0,0,12,7.5,0.5,0,0,3,1,0,0,0,0,0,0,0,0,0,0,0,0,0,0,0,0,0,0,0,0,63.5
32,E,corn,C4,18.532,conv,2017,3,0,0.26980358299158214,0,0,0,0,0,0.26980358299158214,0,0,0,0,0,0,0,0,0,0,0,0,0,0,0,0,0,0,0,0,0,0,0,0,0,0,0.5396071659831643
32,W,corn,C4,18.532,low,2017,3,0,0,0,0,0,0,0,0.05396071659831642,0,0.2158428663932657,0,0,0,0,0,0,0,0,0,0,0,0,0,0,0,0,0,0,0,0,0,0,0,0,0.26980358299158214
33,E,soybean,S3,18.532,low,2017,3,0,0,0,0,0,0,0,0,0,0,0,0,0,0,0,0,0,0,0,0,0,0,0,0,0,0,0,0,0,0,0,0,0,0,0
33,W,soybean,S3,18.532,conv,2017,3,0,0.26980358299158214,0.05396071659831642,0,0,0,0,0.10792143319663285,0.16188214979494928,0,0.10792143319663285,0,0.2158428663932657,0,0,0,0,0,0,0,0,0,0,0,0,0,0,0,0,0,0,0,0,0,0.9173321821713792
34,E,soybean,S2,18.532,conv,2017,3,0,0,0,0,0,0,0,0,0.26980358299158214,0,0.10792143319663285,0,0,0,0,0,0,0,0,0,0,0,0,0,0,0,0,0,0,0,0,0,0,0,0.37772501618821497
34,W,soybean,S2,18.532,low,2017,3,0,1.6188214979494928,0.05396071659831642,0,0,0,0,0.4316857327865314,0.7014893157781136,0,0,0,0,0,0,0,0,0,0,0,0,0,0,0,0,0,0,0,0,0,0,0,0,0,2.8059572631124543
35,E,corn,C2,18.532,conv,2017,3,0,0.10792143319663285,0.8633714655730628,0,0,0,0,0.10792143319663285,0,0,0,0,0,0,0,0,0,0,0,0,0,0,0,0,0,0,0,0,0,0,0,0,0,0,1.0792143319663285
35,W,corn,C2,18.532,low,2017,3,0,0.6475285991797971,0,0,0,0,0,0,0,0,0,0,0,0,0,0,0,0,0,0,0,0,0,0,0,0,0,0,0,0,0,0,0,0,0.6475285991797971
36,E,oat,O3,2,conv,2017,3,135,13.5,5,0.5,1,0,0,0.5,6.5,0,0,0,0,25,0,0,0,0,0,0,0,0,0,0,0,0,0,0,0,0,0,0,0,0,187
36,W,oat,O3,2,low,2017,3,18,34,0,0,0,0.5,0,0,0.5,0,0,0,0,25,0,0,0,0,0,0,0,0,0,0,0,0,0,0,0,0,0,0,0,0,78
37,E,alfalfa,A4,2,conv,2017,3,0,0,3,0,0,0,0,4,18.5,0,0,0,0,0,0,0,0.5,0,0,0,0,0,0,0,0,0,0,0,0,0,0,0,0,0,26
37,W,alfalfa,A4,2,low,2017,3,0,22,2,0,0,0,0,13,23,0.5,0,0.5,0,0.5,0,0,0,0,0,0,0,0,0,0,0,0,0,0,0,0,0,0,0,0,61.5
38,E,corn,C3,18.532,low,2017,3,0,0.8633714655730628,0.10792143319663285,0,0,0,0,0.05396071659831642,0.05396071659831642,0,0,0,0,0,0,0,0,0,0,0,0,0,0,0,0,0,0,0,0,0,0,0,0,0,1.0792143319663285
38,W,corn,C3,18.532,conv,2017,3,0,0.10792143319663285,0,0,0,0,0,0.10792143319663285,0,0,0,0,0,0,0,0,0,0,0,0,0,0,0,0,0,0,0,0,0,0,0,0,0,0,0.2158428663932657
39,E,soybean,S4,18.532,conv,2017,3,0,0,0,0,0,0,0,0,0,0,0,0,0,0.05396071659831642,0,0,0,0,0,0,0,0,0,0,0,0,0,0,0,0,0,0,0,0,0.05396071659831642
39,W,soybean,S4,18.532,low,2017,3,0,1.0792143319663285,0.2158428663932657,0,0,0,0,0.2158428663932657,0.05396071659831642,0,0,0,0.05396071659831642,0,0,0,0,0,0,0,0,0,0,0,0,0,0,0,0,0,0,0,0,0,1.6188214979494928
41,E,soybean,S4,18.532,conv,2017,4,0,0,0.10792143319663285,0,0,0,1.5648607813511763,0.05396071659831642,0.10792143319663285,0,0,0,0,0,0,0,0,0,0,0,0,0,0,0,0,0,0,0,0,0,0,0,0,0,1.8346643643427585
41,W,soybean,S4,18.532,low,2017,4,0.05396071659831642,0.26980358299158214,0.10792143319663285,0,0,0,0.7014893157781136,0.05396071659831642,0,0,0,0,0.26980358299158214,0.05396071659831642,0.05396071659831642,0,0,0,0,0,0,0,0,0,0,0,0,0,0,0,0,0,0,0,1.5648607813511763
42,E,soybean,S3,18.532,conv,2017,4,0,1.6188214979494928,0.5396071659831643,0,0,0,0.05396071659831642,2.1044679473343404,2.8059572631124543,0,0,0,0,0,0,0,0,0,0,0,0,0,0,0,0,0,0,0,0,0,0,0,0,0,7.122814590977768
42,W,soybean,S3,18.532,low,2017,4,0,0.2158428663932657,0,0,0,0,0,0.10792143319663285,0.05396071659831642,0,0,0,0,0,0,0,0,0,0,0,0,0,0,0,0,0,0,0,0,0,0,0,0,0,0.37772501618821497
43,E,oat,O4,2,low,2017,4,1,66.5,1.5,0,1,2,0,15.5,55,0,0,0,0,2,0,0,0,0,0,0,0,0,0,0,0,0,0,0,0,0,0,0,0,0,144.5
43,W,oat,O4,2,conv,2017,4,2.5,26,18,0,0.5,0,0,7,73,0,0,0,1,3,0,0,0,0,0,0,0,0,0,0,0,0,0,0,0,0,0,0,0,0,131
44,E,soybean,S2,18.532,conv,2017,4,0.2158428663932657,23.09518670407943,0.2158428663932657,0,0,0.16188214979494928,0,2.4821929635225555,3.3455644290956186,0.05396071659831642,0,0.05396071659831642,0,0,0,0,0,0,0,0,0,0,0,0,0,0,0,0,0,0,0,0,0,0,29.624433412475717
44,W,soybean,S2,18.532,low,2017,4,0,0,0.05396071659831642,0,0,0,0,1.5109000647528599,1.888625080941075,0,0,0,0,0,0.05396071659831642,0,0,0,0,0,0,0,0,0,0,0,0,0,0,0,0,0,0,0,3.5074465788905678
45,E,corn,C2,18.532,conv,2017,4,0.16188214979494928,0,0.6475285991797971,0,0,0,0,0.32376429958989855,0,0,0,0,0,0,0,0,0,0,0,0,0,0,0,0,0,0,0,0,0,0,0,0,0,0,1.133175048564645
45,W,corn,C2,18.532,low,2017,4,0,0,0.32376429958989855,0,0,0.05396071659831642,0,0,0,0,0,0,0,0,0,0,0,0,0,0,0,0,0,0,0,0,0,0,0,0,0,0,0,0,0.37772501618821497
46,E,alfalfa,A4,2,conv,2017,4,11,56.5,4,0,0.5,0,0,0.5,10.5,0,0,0,0,15.5,0,0,0,0,0,0,0,0,0,0,0,0,0,0,0,0,0,0,0,0,98.5
46,W,alfalfa,A4,2,low,2017,4,4.5,92.5,6.5,0,0,0,0,0,3.5,0,0,0,0,13,0,0,0,0,0,0,0.5,0,0,0,0,0,0,0,0,0,0,0,0,0,120.5
47,E,oat,O3,2,low,2017,4,0,8,0.5,0,0,0,0,0,1,0,0,0,0,0,0,0,0,0,0,0,0,0,0,0,0,0,0,0,0,0,0,0,0,0,9.5
47,W,oat,O3,2,conv,2017,4,0,0.5,0,0,0,0,0,2.5,0.5,0,0,0,0.5,0,0,1,0,0,0,0,0,0,0,0,0,0,0,0,0,0,0,0,0,0,5
48,E,corn,C3,18.532,conv,2017,4,0,0,12.84265055039931,0,0,0,0,0.10792143319663285,0,0,0,0,0,0,0,0,0,0,0,0,0,0,0,0,0,0,0,0,0,0,0,0,0,0,12.950571983595943
48,W,corn,C3,18.532,low,2017,4,0,0.7014893157781136,0,0,0,0.05396071659831642,0,0,0,0,0.05396071659831642,0,0,0,0,0,0,0,0,0,0,0,0,0,0,0,0,0,0,0,0,0,0,0,0.8094107489747464
49,E,corn,C4,18.532,conv,2017,4,0,0.26980358299158214,1.2410964817612777,0,0.05396071659831642,0.05396071659831642,0,0.9712928987696957,0,0,0,0,0,0,0,0.05396071659831642,0,0,0,0,0,0,0,0,0,0,0,0,0,0,0,0,0,0,2.6440751133175047
49,W,corn,C4,18.532,low,2017,4,0,0.26980358299158214,0.5396071659831643,0,0,0,0,0.37772501618821497,0,0,0,0,0,0,0,0,0,0,0,0,0,0,0,0,0,0,0,0,0,0,0,0,0,0,1.1871357651629613
11,E,soybean,S3,18.532,low,2018,1,0,0.2158428663932657,0,0,0,0,0,0,0.16188214979494928,0.05396071659831642,0.05396071659831642,0,0,0,0,0,0,0,0,0,0,0,0,0,0,0,0.05396071659831642,0,0,0,0,0,0,0,0.5396071659831643
11,W,soybean,S3,18.532,conv,2018,1,0,0.10792143319663285,0.16188214979494928,0,0,0.05396071659831642,0,0.26980358299158214,0,0,0,0,0,0.10792143319663285,0.05396071659831642,0,0,0,0,0,0,0.05396071659831642,0,0,0,0,0,0,0,0,0,0,0,0,0.8094107489747464
12,E,alfalfa,A4,2,low,2018,1,11,31,2,0,0,0,0,1.5,1.5,0,0,0,0,3.5,0,0,0,0,0,0,0,0,0,0,0,0,0,0.5,0,0,0,0,0,0,51
12,W,alfalfa,A4,2,conv,2018,1,10.5,34,0.5,0,0,0,0,4.5,0.5,0,1,0,0,1,0,0,0,0,0,0,0,0,0,0,0,0,0,0,0,0,0,0,0,0,52
13,E,corn,C2,18.532,conv,2018,1,0.2158428663932657,1.888625080941075,0.48564644938484786,0,0,0.5935678825814806,0,0.05396071659831642,0,0,0,0,0.05396071659831642,0,0,0,0,0,0,0,0,0,0,0,0,0.05396071659831642,0,0,0,0,0,0,0,0,3.3455644290956186
13,W,corn,C2,18.532,low,2018,1,0,10.900064752859919,0.7554500323764299,0,0,0,0,0.8633714655730628,0.05396071659831642,0,0.05396071659831642,0,0,0,0,0,0,0,0,0,0,0,0.10792143319663285,0,0,0.05396071659831642,0,0,0,0,0,0,0,0,12.788689833800992
14,E,soybean,S4,18.532,conv,2018,1,0.10792143319663285,0.26980358299158214,0.16188214979494928,0,0,0,0,0.32376429958989855,0,0,0,0,0,0.10792143319663285,0,0,0,0,0,0,0,0,0,0,0,0,0,0,0,0,0,0,0,0,0.9712928987696957
14,W,soybean,S4,18.532,low,2018,1,0.16188214979494928,0.37772501618821497,0,0.05396071659831642,0,0,0,0.4316857327865314,0.16188214979494928,0,0,0,0.10792143319663285,0.05396071659831642,0,0,0,0,0,0,0,0,0,0,0,0,0,0,0,0,0,0,0,0,1.3490179149579107
15,E,corn,C3,18.532,low,2018,1,0,0.5396071659831643,0,0,0,0,0,0,0.10792143319663285,0.5396071659831643,0,0.05396071659831642,0,0,0,0,0,0,0,0,0,0,0,0,0,0,0,0,0,0,0,0,0,0,1.2410964817612777
15,W,corn,C3,18.532,conv,2018,1,0,0.26980358299158214,0.48564644938484786,0,0,0,0,0.05396071659831642,0,0,0,0,0,0,0,0,0,0,0,0,0,0,0,0,0,0,0,0,0,0,0,0,0,0,0.8094107489747464
16,E,oat,O3,2,low,2018,1,0,9,0.5,0,0,6.5,0,48.5,48.5,1.5,0,0,0.5,0.5,0,0,0,0,0,0,0,0,0,0.5,0,0,0,0,0,0,0,0,0,0,116
16,W,oat,O3,2,conv,2018,1,3,2,3.5,0,11,0,0,19.5,21,0.5,0,0,1,0.5,0,0,0,0.5,0,0,0,0,0,0,0,0,0,0,0,0,0,0,0,0,62.5
17,E,oat,O4,2,conv,2018,1,2.5,1.5,0.5,0,0.5,0,0,8.5,7.5,1.5,0,0,0,6.5,0,8.5,0,0,0,0,0,0,0,0,0,0,0,0,0,0,0,0,0,0,37.5
17,W,oat,O4,2,low,2018,1,0,3.5,0,0,0,0,0,32,2,0.5,0,0,3.5,2,0,0,0,0,0,0,0,0,0,0,0,1,0,0,0,0,0,0,0,0,44.5
18,E,corn,C4,18.532,conv,2018,1,12.68076840060436,7.176775307576085,0.32376429958989855,0,0,0.32376429958989855,0,0,0,0,0.05396071659831642,0,0,0,0,0,0,0,0,0,0,0,0,0,0,0,0,0,0,0,0,0,0,0,20.55903302395856
18,W,corn,C4,18.532,low,2018,1,0.26980358299158214,3.3455644290956186,0,0,0,0,0,0.26980358299158214,0,0,0,0,0.05396071659831642,0.05396071659831642,0,0,0,0,0,0,0,0,0,0,0,0,0,0,0,0,0,0,0,0,3.9930930282754153
19,E,soybean,S2,18.532,conv,2018,1,0.8633714655730628,0.2158428663932657,1.5648607813511763,0.05396071659831642,0.2158428663932657,0,0,1.6188214979494928,0,0,0,0,0,0.05396071659831642,0,0,0,0,0,0,0,0,0,0,0,0,0,0,0,0,0,0,0,0,4.586660910856896
19,W,soybean,S2,18.532,low,2018,1,0.7554500323764299,8.525793222533995,0.05396071659831642,0.10792143319663285,0,0.05396071659831642,0,4.478739477660263,0.05396071659831642,0,0,0,0,0.05396071659831642,0,0,0,0,0,0,0,0,0,0,0,0,0,0,0,0,0,0,0,0,14.083747032160588
21,E,alfalfa,A4,2,conv,2018,2,21,0.5,0,0,0,0,0,0.5,0,0,0,0,0,7.5,0,0,0,0,0,0,0,0,0,0,0,0,0,0,0,0,0,0,0,0,29.5
21,W,alfalfa,A4,2,low,2018,2,22.5,0,0,0,0,0,0,1,0,0,0,0,0.5,7.5,0,0,0,1,0,0,0,0,0,0,0,0,0,0,0,0,0,0,0,0,32.5
22,E,oat,O4,2,low,2018,2,3,29,0,1.5,0,0,1.5,28,12,1,0,0,0.5,2,0,0,0,0,0,0,0,0,0,0,0,0,0,0,0,0,0,0,0,0,78.5
22,W,oat,O4,2,conv,2018,2,4.5,11.5,0,0,3,0,0,11.5,4.5,4.5,0,0,0.5,1.5,0,0,1,0.5,0,0,0,0,0,0,0,0,0,0,0,0,0,0,0,0,43
23,E,soybean,S3,18.532,low,2018,2,0,0.37772501618821497,0.32376429958989855,0,0.16188214979494928,0,0,0.2158428663932657,0.05396071659831642,0,0.05396071659831642,0,0,0,0,0,0,0,0,0,0,0,0,0,0,0,0,0,0,0,0,0,0,0,1.1871357651629613
23,W,soybean,S3,18.532,conv,2018,2,0.2158428663932657,0,0.10792143319663285,0,0,0.4316857327865314,0,0.32376429958989855,0,0,0,0,0,0,0,0,0,0,0,0,0,0,0,0,0,0,0.05396071659831642,0,0,0,0,0,0,0,1.133175048564645
24,E,corn,C2,18.532,conv,2018,2,0.16188214979494928,3.453485862292251,0.05396071659831642,0,0,0,0,0,0,0,0,0,0,0,0,0,0,0,0,0,0,0,0,0,0,0,0,0,0,0,0,0,0,0,3.669328728685517
24,W,corn,C2,18.532,low,2018,2,0,1.6727822145478093,0.4316857327865314,0,0,0,0,0.05396071659831642,1.6727822145478093,0,0.05396071659831642,0,0,0.05396071659831642,0,0,0,0,0,0,0,0,0,0,0,0,0.05396071659831642,0,0,0,0,0,0,0,3.9930930282754153
25,E,oat,O3,2,conv,2018,2,0,1,0,0,0,0,0,27.5,28,1.5,0,0,0,1.5,0,0,0,0,0,0,0,0,0,0,0,0,0,0,0,0,0,0,0,0,59.5
25,W,oat,O3,2,low,2018,2,0,37.5,0,0,0,0,0,7,31.5,0.5,0,0,1,0,0,0,0,0,0,0,0,0,0,0,0,0,0,0,0,0,0,0,0,0,77.5
26,E,corn,C3,18.532,low,2018,2,0.05396071659831642,5.342110943233326,0.2158428663932657,0,0,0,0,0.05396071659831642,0.5396071659831643,0.16188214979494928,0,0.05396071659831642,0,0,0,0,0,0,0,0,0,0,0,0,0,0,0,0,0,0,0,0,0,0,6.421325275199655
26,W,corn,C3,18.532,conv,2018,2,0,0.5396071659831643,0,0,0,0,0,0,0,0,0,0,0,0.05396071659831642,0,0,0,0,0,0,0,0,0,0,0,0,0,0,0,0,0,0,0,0,0.5935678825814806
27,E,soybean,S2,18.532,low,2018,2,0,0.26980358299158214,0.32376429958989855,0.26980358299158214,0,0,0,0.4316857327865314,0,0,0,0,0,0.10792143319663285,0,0,0,0,0,0,0,0,0,0,0,0,0,0,0,0,0,0,0,0,1.4029786315562272
27,W,soybean,S2,18.532,conv,2018,2,1.888625080941075,0.2158428663932657,0.16188214979494928,0,0,0,0,0.37772501618821497,0,0,0,0,0,0,0,0,0,0,0,0,0,0,0,0,0,0,0,0,0,0,0,0,0,0,2.6440751133175047
28,E,corn,C4,18.532,low,2018,2,0.16188214979494928,2.7519965465141376,2.8599179797107706,0,0,0,0,0.10792143319663285,0.16188214979494928,0.26980358299158214,0,0,0,0.26980358299158214,0,0,0,0,0,0,0,0,0,0,0,0,0,0,0,0,0,0,0,0,6.583207424994604
28,W,corn,C4,18.532,conv,2018,2,0,2.050507230736024,9.06540038851716,0,0,0.10792143319663285,0,0,0,0,0,0,0,0,0,0,0,0,0,0,0,0,0,0,0,0,0,0,0,0,0,0,0,0,11.223829052449817
29,E,soybean,S4,18.532,low,2018,2,0,0.05396071659831642,0.10792143319663285,0.05396071659831642,0,0,0,0.5935678825814806,0,0.2158428663932657,0.05396071659831642,0,0,0.16188214979494928,0,0,0,0,0,0,0,0,0.16188214979494928,0,0,0,0,0,0,0,0,0,0,0,1.4029786315562272
29,W,soybean,S4,18.532,conv,2018,2,0.05396071659831642,0,0.16188214979494928,0,0.05396071659831642,0,0,0.7014893157781136,0,0,0,0,0,0.05396071659831642,0,0,0,0,0,0,0,0,0,0,0,0,0.10792143319663285,0,0,0,0,0,0,0,1.133175048564645
31,E,alfalfa,A4,2,low,2018,3,2.5,3.5,0.5,0,0,2,0,4,0,0,0,0,0,1,0,0,0,0,0,0,0,0,0,0,0,0,0,0,0,0,0,0,0,0,13.5
31,W,alfalfa,A4,2,conv,2018,3,10.5,12.5,3.5,0,0,2,0,3,1,0,0,0,0,0.5,0,0,0,0,0,0,0,0,0.5,0,0,0,0,0,0,0,0,0,0,0,33.5
32,E,soybean,S4,18.532,conv,2018,3,0,0.05396071659831642,0.10792143319663285,0,0.05396071659831642,0,0,0.4316857327865314,0,0,0,0,0,0,0,0,0,0,0,0,0,0,0,0,0.05396071659831642,0.10792143319663285,0,0,0,0,0,0,0,0,0.8094107489747464
32,W,soybean,S4,18.532,low,2018,3,0,0.2158428663932657,0,0,0,0,0,0.26980358299158214,0,0,0.10792143319663285,0,0.10792143319663285,0.10792143319663285,0,0,0,0,0,0,0,0,0.05396071659831642,0,0,0,0,0,0,0,0,0,0,0,0.8633714655730628
33,E,oat,O3,2,conv,2018,3,0,4.5,0,0,0,0,0,32.5,1.5,0,0,0,0,5,0,0,0,0,0,0,0,0,0,0,0,0,0,0,0,0,0,0,0,0,43.5
33,W,oat,O3,2,low,2018,3,0,12.5,0,1,0,0,0,30,5,0.5,0,0,0,3.5,0,0,0,0,0,0,0,0,0,0,0,0,0,0,0,0,0,0,0,0,52.5
34,E,corn,C2,18.532,conv,2018,3,0,0.9173321821713792,0.7554500323764299,0,0.05396071659831642,0.05396071659831642,0,0.32376429958989855,0,0,0.26980358299158214,0,0,0,0,0,0,0,0,0,0,0,0,0,0,0,0,0,0,0,0,0,0,0,2.3742715303259225
34,W,corn,C2,18.532,low,2018,3,0,1.8346643643427585,0,0,0,0,0,0.10792143319663285,0.2158428663932657,0,0,0,0,0,0,0,0,0,0,0,0,0,0,0,0,0,0,0,0,0,0,0,0,0,2.158428663932657
35,E,soybean,S2,18.532,conv,2018,3,0.5935678825814806,0.10792143319663285,0.7014893157781136,0,0,0,0,0.26980358299158214,0.05396071659831642,0,0,0,0,0,0,0,0,0,0,0,0,0,0,0,0,0,0.05396071659831642,0,0,0,0,0,0,0,1.780703647744442
35,W,soybean,S2,18.532,low,2018,3,0.05396071659831642,0.10792143319663285,0,0,0,0,0,0.10792143319663285,0,0,0,0,0,0,0,0,0,0,0,0,0,0,0.05396071659831642,0,0,0,0,0,0,0,0,0,0,0,0.32376429958989855
36,E,corn,C3,18.532,conv,2018,3,0.2158428663932657,0,0.16188214979494928,0,0,0,0,0.05396071659831642,0,0,0.05396071659831642,0,0,0,0,0,0,0,0,0,0,0,0,0,0,0,0,0,0,0,0,0,0,0,0.48564644938484786
36,W,corn,C3,18.532,low,2018,3,0,1.4029786315562272,0.05396071659831642,0,0,0,0,0.05396071659831642,0.9712928987696957,0.26980358299158214,0,0.05396071659831642,0,0.16188214979494928,0,0,0,0,0,0,0,0,0,0,0,0.05396071659831642,0,0,0,0,0,0,0,0,3.0218001295057197
37,E,corn,C4,18.532,conv,2018,3,0.2158428663932657,4.101014461472048,0.6475285991797971,0,0,0.2158428663932657,0,0.05396071659831642,0.4316857327865314,0.05396071659831642,0.05396071659831642,0,0,0.16188214979494928,0,0,0,0,0.2158428663932657,0,0,0,0,0,0,2.6980358299158214,0,0,0,0,0,0,0,0,8.849557522123893
37,W,corn,C4,18.532,low,2018,3,2.3742715303259225,0.7554500323764299,1.5109000647528599,0,0,0,0,0.05396071659831642,0,0,0,0,0,0.05396071659831642,0,0,0,0,0,0,0,0,0,0,0,0.2158428663932657,0,0,0,0,0,0,0,0,4.964385927045111
38,E,soybean,S3,18.532,low,2018,3,0.2158428663932657,0.9712928987696957,0.10792143319663285,0.05396071659831642,0,0.10792143319663285,0,0.48564644938484786,0.05396071659831642,0,0,0,0,0,0,0,0,0,0,0,0,0,0,0,0,0,0,0,0,0,0,0,0,0,1.9965465141377077
38,W,soybean,S3,18.532,conv,2018,3,0.05396071659831642,0,0.16188214979494928,0,0.05396071659831642,0,0,0.37772501618821497,0.10792143319663285,0,0,0,0,0.10792143319663285,0,0,0,0,0,0,0,0,0,0,0,0,0,0,0,0,0,0,0,0,0.8633714655730628
39,E,oat,O4,2,conv,2018,3,0,3.5,0,0,0,0,0.5,4.5,1,0.5,0,0,0,5.5,0,0,0,0,0.5,0,0,0,0,0,0,0,0,0,0,0,0,0,0,0,16
39,W,oat,O4,2,low,2018,3,7,5,0,0,0,0,0,30.5,13,0.5,0,0,0,4,0,0,0,0,0.5,0,0,0,0,0,0,0,0.5,0,0,0,0,0,0,0,61
41,E,oat,O4,2,conv,2018,4,0,0,0,0,0.5,0,9.5,10,0,0,0,0,0,2.5,0,0,0,0,0,0,0,0,0,0,0,0,0,0,0,0,0,0,0,0,22.5
41,W,oat,O4,2,low,2018,4,0,7,0,0,0,0,5.5,14.5,1.5,1,0,0,1,4,0,0,0,0,0,0,0,0,0,0,0,0,0,0,0,0,0,0,0,0,34.5
42,E,oat,O3,2,low,2018,4,0,5.5,0,0,0,2.5,0,55,11,0.5,0,0,0,0,0,0,0,0,0,0,0,0,0,0,0,0,0,0,0,0,0,0,0,0,74.5
42,W,oat,O3,2,conv,2018,4,0,1,0,0,0,0,0.5,18,5.5,0,0,0,0,1.5,0,0,0,0,0,0,0,0,0,0,0,0,0,0,0,0,0,0,0,0,26.5
43,E,alfalfa,A4,2,low,2018,4,1,0.5,0,0,0,0,0,0,0,0,0,0,0,5.5,0,0,0,0,0,0,0,0,0,0,0,0,0,0,0,0,0,0,0,0,7
43,W,alfalfa,A4,2,conv,2018,4,8,0,0,0,0,0,0,0,0,0,0,0,0,1.5,0,0,0,0,0,0,0,0,0,0,0,0,0,0,0,0,0,0,0,0,9.5
44,E,corn,C2,18.532,low,2018,4,0,15.055039930930283,0.37772501618821497,0.05396071659831642,0,0.05396071659831642,0,0,0.16188214979494928,0,0,0.05396071659831642,0,0,0,0,0,0,0,0,0,0,0,0,0,0,0,0,0,0,0,0,0,0,15.756529246708396
44,W,corn,C2,18.532,conv,2018,4,0,8.849557522123893,1.0792143319663285,0,0,0,0,0.9712928987696957,0.26980358299158214,0,0,0,0,0,0,0,0,0,0,0,0,0,0,0,0,0,0,0,0,0,0,0,0,0,11.1698683358515
45,E,soybean,S2,18.532,conv,2018,4,0,0,0,0,0,0,0,0.37772501618821497,0,0,0,0,0,0,0,0,0,0,0,0,0,0,0,0,0,0,0,0,0,0,0,0,0,0,0.37772501618821497
45,W,soybean,S2,18.532,low,2018,4,0,0,0,0,0,0,0,0.5935678825814806,0,0,0,0,0,0,0,0,0,0,0,0,0,0,0,0,0,0,0,0,0,0,0,0,0,0,0.5935678825814806
46,E,corn,C4,18.532,conv,2018,4,0.16188214979494928,2.6980358299158214,5.665875242823224,0,0,0.05396071659831642,0,0,0.05396071659831642,0,0.2158428663932657,0,0,0,0,0,0,0,0,0,0,0,0,0,0,0,0,0,0,0,0,0,0,0,8.849557522123893
46,W,corn,C4,18.532,low,2018,4,0.05396071659831642,1.2410964817612777,0.6475285991797971,0,0,0,0,0.26980358299158214,0.7014893157781136,0.10792143319663285,0,0,0,0.26980358299158214,0,0,0,0,0,0,0,0,0,0,0,0.16188214979494928,0,0,0,0,0,0,0,0,3.453485862292251
47,E,corn,C3,18.532,low,2018,4,0,5.503993093028275,1.1871357651629613,0,0,0.05396071659831642,0,0.2158428663932657,0.26980358299158214,0.05396071659831642,0.7014893157781136,0,0,0.5396071659831643,0,0,0,0,0,0,0,0,0.05396071659831642,0,0,0,0,0,0,0,0,0,0,0,8.579753939132312
47,W,corn,C3,18.532,conv,2018,4,0,0,0.37772501618821497,0,0,0,0,0,0,0,0.2158428663932657,0,0,0.10792143319663285,0,0,0,0,0,0,0,0,0,0,0,0,0,0,0,0,0,0,0,0,0.7014893157781136
48,E,soybean,S3,18.532,conv,2018,4,0,0.05396071659831642,7.230736024174401,0,0,0,0,1.5109000647528599,0.2158428663932657,0,0,0,0,0,0,0,0,0.05396071659831642,0,0,0,0,0,0,0,0,0,0,0,0,0,0,0,0,9.06540038851716
48,W,soybean,S3,18.532,low,2018,4,0,0.16188214979494928,0.16188214979494928,0,0,0,0,0.16188214979494928,0.16188214979494928,0.16188214979494928,0.10792143319663285,0,0.10792143319663285,0.10792143319663285,0,0,0,0,0,0,0,0,0,0,0,0,0,0,0,0,0,0,0,0,1.133175048564645
49,E,soybean,S4,18.532,conv,2018,4,0,0,0.32376429958989855,0,0.10792143319663285,0,0,0.32376429958989855,0,0,0.2158428663932657,0,0.10792143319663285,0.16188214979494928,0,0,0,0.05396071659831642,0.05396071659831642,0,0,0,0,0,0,0,0,0,0,0,0,0,0,0,1.3490179149579107
49,W,soybean,S4,18.532,low,2018,4,0,0,0.05396071659831642,0,0,0,0,0.5396071659831643,0.05396071659831642,0,0,0,0.05396071659831642,0.05396071659831642,0,0,0,0,0,0,0,0,0,0,0,0,0,0,0,0,0,0,0,0,0.7554500323764299
11,E,oat,O3,2.24,low,2019,1,0.4464285714285714,74.55357142857142,0,0,0,0,0,70.53571428571428,23.660714285714285,0.4464285714285714,0,0,0,0.4464285714285714,0,0,0,0,0,0,0,0,0,0,0,0,0,0,0,0,0,0,0,0,170.0892857142857
11,W,oat,O3,2.24,conv,2019,1,2.2321428571428568,5.357142857142857,3.571428571428571,0,0,0,0,39.732142857142854,29.91071428571428,0.4464285714285714,0,0,0,0.8928571428571428,0,0,0,0,0,0,0,0,0,0,0,0,0,0,0,0,0,0,0,0,82.14285714285714
12,E,corn,C4,2.24,low,2019,1,0,18.749999999999996,6.696428571428571,0,0,0,0,0,0.4464285714285714,0,0,0,0,0,0,0,0,0,0,0,0,0,0,0,0,0,0,0,0,0.4464285714285714,0,0,0,0,26.33928571428571
12,W,corn,C4,2.24,conv,2019,1,3.1249999999999996,2.2321428571428568,12.499999999999998,0,0,0,0,0,0,0.4464285714285714,0,0,0,0,0,0,0,0,0,0,0,0,0,0,0,0,0,0,0,0,0,0,0,0,18.303571428571427
13,E,soybean,S2,18.532,conv,2019,1,0,0,0.05396071659831642,0,0,0,0,0.16188214979494928,0,0,0.05396071659831642,0,0,0,0,0,0,0,0,0,0,0,0,0,0,0,0,0,0,0,0,0,0,0,0.26980358299158214
13,W,soybean,S2,18.532,low,2019,1,0,0.5935678825814806,0,0,0,0,0,0.05396071659831642,0,0,0,0,0.05396071659831642,0,0,0,0,0,0,0,0,0,0,0,0,0,0,0,0,0,0,0,0,0,0.7014893157781136
14,E,oat,O4,2.24,conv,2019,1,29.46428571428571,45.08928571428571,0,0,3.571428571428571,0,0,160.7142857142857,15.178571428571427,5.803571428571428,0,0.4464285714285714,0,4.910714285714286,0,0,0,1.3392857142857142,0,0,0,0,0,0,0,0,0,0,1.3392857142857142,0,0,0,0,0,267.85714285714283
14,W,oat,O4,2.24,low,2019,1,3.1249999999999996,56.24999999999999,0,1.3392857142857142,7.5892857142857135,0,0,137.5,36.160714285714285,2.6785714285714284,0,0,0,4.017857142857142,0.4464285714285714,0,0,0,0,0,0,0,0,0,0,0,0,0,0,0,0,0,0,0,249.10714285714283
15,E,soybean,S3,18.532,low,2019,1,0,0.05396071659831642,0,0,0,0,0,0,0,0,0,0,0,0,0,0,0,0,0,0,0,0,0,0,0,0,0,0,0,0,0,0,0,0,0.05396071659831642
15,W,soybean,S3,18.532,conv,2019,1,0,0,0.05396071659831642,0,0,0,0,0,0,0,0,0,0,0,0,0,0,0,0,0,0,0,0,0,0,0,0,0,0,0,0,0,0,0,0.05396071659831642
16,E,corn,C3,2.24,low,2019,1,0,7.5892857142857135,1.7857142857142856,0,0,0,0,2.2321428571428568,0.4464285714285714,0,0,0,0,0,0,0,0,0,0,0,0,0,0,0,0,0,0,0,0,0,0,0,0,0,12.053571428571427
16,W,corn,C3,2.24,conv,2019,1,0.8928571428571428,0.8928571428571428,1.3392857142857142,0,0,0,0,1.7857142857142856,0,0,0,0,0,0,0,0,0,0,0,0,0,0,0,0,0,0,0,0,0,0,0,0,0,0,4.910714285714286
17,E,alfalfa,A4,2.24,conv,2019,1,118.74999999999999,50.44642857142857,0,1.3392857142857142,39.732142857142854,0,0,19.642857142857142,22.767857142857142,0.8928571428571428,0,0,0,6.696428571428571,0,1.7857142857142856,0,0,0,0,0,0,0,0,0,0,0,0,0,0,0,0,0,0,262.0535714285714
17,W,alfalfa,A4,2.24,low,2019,1,59.37499999999999,33.92857142857142,1.7857142857142856,0.8928571428571428,0,0,0,78.12499999999999,27.678571428571427,0,0,0,0,3.571428571428571,0,0.4464285714285714,0,0,0,0,0,0,0,0,0,0,0,0,0,0,0,0,0,0,205.80357142857142
18,E,soybean,S4,18.532,conv,2019,1,0,0,0,0,0,0,0,0,0,0,0,0,0.10792143319663285,0,0,0,0,0,0,0,0,0,0,0,0,0,0,0,0,0,0,0,0,0,0.10792143319663285
18,W,soybean,S4,18.532,low,2019,1,0.10792143319663285,0,0,0,0,0,0,0,0.32376429958989855,0,0,0,0,0,0,0,0,0,0,0,0,0,0,0,0,0,0,0,0,0,0,0,0,0,0.4316857327865314
19,E,corn,C2,2.24,conv,2019,1,1.3392857142857142,26.33928571428571,2.6785714285714284,0,0,0,0,4.017857142857142,0.4464285714285714,0,0,0,0,0.8928571428571428,0,0,0,0,0,0,0,0,0,0,0,0,0,0,0,0,0,0,0,0,35.71428571428571
19,W,corn,C2,2.24,low,2019,1,0.4464285714285714,35.71428571428571,1.3392857142857142,0.8928571428571428,0,0,0,0.8928571428571428,0,0,0,0,0,0.4464285714285714,0,0,0,0,0,0,0,0,0,0,0,0,0,0,0,0,0,0,0,0,39.732142857142854
21,E,corn,C4,2.24,conv,2019,2,13.392857142857142,3.1249999999999996,26.785714285714285,0,0.8928571428571428,0,0,0.8928571428571428,0,0,0,0,0,0,0,0,0,0,0,0,0,0,0,0,0,0,0,0,0,0,0,0,0,0,45.08928571428571
21,W,corn,C4,2.24,low,2019,2,0,11.607142857142856,2.6785714285714284,0.8928571428571428,0,0,0,0,0.4464285714285714,0,0,0,0.4464285714285714,0.8928571428571428,0,0,0,0,0,0,0,0,0,0,0,0,0,0,0,0,0,0,0,0,16.96428571428571
22,E,alfalfa,A4,2.24,low,2019,2,91.96428571428571,47.32142857142857,0,12.94642857142857,2.2321428571428568,0,0.8928571428571428,19.642857142857142,54.01785714285714,0,0,0,0,1.3392857142857142,0,0,0,0,0,0,0,0,0,0,0,0,0,0,0,0,0,0,0,0,230.35714285714283
22,W,alfalfa,A4,2.24,conv,2019,2,40.17857142857142,59.37499999999999,0,0.4464285714285714,174.10714285714283,0,0,8.035714285714285,7.142857142857142,0,0,0,0,8.928571428571427,0,0.8928571428571428,0,0,0,0,0,0,0,0,0,0,0,0,0,0,0,0,0,0,299.10714285714283
23,E,oat,O3,2.24,low,2019,2,0,47.32142857142857,0,0,1.3392857142857142,0,0,29.46428571428571,17.857142857142854,0.4464285714285714,0,0,0,0,0,0,0,0,0,0,0,0,0,0,0,0,0,0,0,0,0,0,0,0,96.42857142857142
23,W,oat,O3,2.24,conv,2019,2,0.8928571428571428,23.21428571428571,0,0,3.1249999999999996,0,0,8.482142857142856,4.910714285714286,0,0,0,0.4464285714285714,0,0,0,0,0,0,0,0,0,0,0,0,0,0,0,0,0,0,0,0,0,41.07142857142857
24,E,soybean,S2,18.532,conv,2019,2,0,0.4316857327865314,0,0,0,0,0,0.16188214979494928,0.2158428663932657,0,0.10792143319663285,0,0,0,0,0,0,0,0,0,0,0,0,0,0,0,0,0,0,0,0,0,0,0,0.9173321821713792
24,W,soybean,S2,18.532,low,2019,2,0,0.05396071659831642,0,0,0,0,0,0,0.2158428663932657,0,0,0,0.10792143319663285,0,0,0,0,0,0,0,0,0,0,0,0,0,0,0,0,0,0,0,0,0,0.37772501618821497
25,E,corn,C3,2.24,low,2019,2,0.4464285714285714,1.7857142857142856,1.7857142857142856,0,0,0,0,8.035714285714285,0,0,0,0,0,0,0,0,0,0,0,0,0,0,0,0,0,0,0,0,0,0,0,0,0,0,12.053571428571427
25,W,corn,C3,2.24,conv,2019,2,0,8.928571428571427,0,0,0,0,0,3.571428571428571,1.3392857142857142,0,0,0,0,0.4464285714285714,0,0,0,0,0,0,0,0,0,0,0,0,0,0,0,0,0,0,0,0,14.285714285714285
26,E,soybean,S3,18.532,low,2019,2,0,0,0,0,0,0,0,0,0,0,0,0,0,0,0,0,0,0,0,0,0,0,0,0,0,0,0,0,0,0,0,0,0,0,0
26,W,soybean,S3,18.532,conv,2019,2,0,0,0.10792143319663285,0,0,0,0,0,0,0,0,0,0,0,0,0,0,0,0,0,0,0,0,0,0,0,0,0,0,0,0,0,0,0,0.10792143319663285
27,E,corn,C2,2.24,low,2019,2,0,4.910714285714286,0.4464285714285714,8.035714285714285,0,0,0,1.3392857142857142,0,0,0,0,0,0,0,0,0,0,0,0,0,0,0,0,0,0,0,0,0,0,0,0,0,0,14.732142857142856
27,W,corn,C2,2.24,conv,2019,2,27.232142857142854,2.6785714285714284,0,0,0,0,0,4.017857142857142,0,0,0,0,0,0,0,0,0,0,0,0,0,0,0,0,0,0,0,0,0,0,0,0,0,0,33.92857142857142
28,E,soybean,S4,18.532,low,2019,2,0,0,0.05396071659831642,0,0,0,0,0,0,0,0,0.05396071659831642,0,0.10792143319663285,0,0,0,0,0,0,0,0,0,0,0,0,0,0,0,0,0,0,0,0,0.2158428663932657
28,W,soybean,S4,18.532,conv,2019,2,0,0,0.10792143319663285,0,0,0,0,0,0,0,0,0,0,0,0,0,0,0,0,0,0,0,0,0,0,0,0,0,0,0,0,0,0,0,0.10792143319663285
29,E,oat,O4,2.24,low,2019,2,3.571428571428571,35.26785714285714,3.1249999999999996,0.8928571428571428,4.017857142857142,0,0,107.14285714285714,12.053571428571427,3.571428571428571,0,0,0,18.749999999999996,0,0,0,0,0,0,0,0,0,0,0,0,0,0,0,0,0,0,0,0,188.39285714285714
29,W,oat,O4,2.24,conv,2019,2,6.696428571428571,18.303571428571427,15.624999999999998,0,13.839285714285714,0,0,140.17857142857142,10.714285714285714,3.571428571428571,0,1.7857142857142856,0,9.374999999999998,0.4464285714285714,0,0,0,0,0,0,0,0,0,0,0,0,0,0,0,0,0,0,0,220.53571428571428
31,E,corn,C4,2.24,low,2019,3,0.8928571428571428,2.2321428571428568,0.4464285714285714,0,0,0,0,1.7857142857142856,0,0,0,0,0,0,0,0,0,0,0,0,0,0,0,0,0,0,0,0,0,0,0,0,0,0,5.357142857142857
31,W,corn,C4,2.24,conv,2019,3,0,8.928571428571427,5.803571428571428,0,0,0,0,1.3392857142857142,0,0,0,0,0,2.2321428571428568,0,0,0,0,0,0,0,0,0,0,0,0,0,0,0,0,0,0,0,0,18.303571428571427
32,E,oat,O4,2.24,conv,2019,3,0,27.232142857142854,0,0,2.6785714285714284,0,0,92.85714285714285,4.910714285714286,2.6785714285714284,0,0,0,17.857142857142854,0.8928571428571428,0,0,0,0,0,0,0,0,0,0,0,0,0,0,0,0,0,0,0,149.10714285714283
32,W,oat,O4,2.24,low,2019,3,0,104.01785714285714,0,0,0.4464285714285714,0,0,38.83928571428571,14.285714285714285,0.8928571428571428,0,0,0,6.249999999999999,0,0,0,0,0,0,0,0,0,0,0,0,0,0,0,0,0,0,0,0,164.73214285714283
33,E,corn,C3,2.24,conv,2019,3,0,0.8928571428571428,4.4642857142857135,0,0,0,0,1.3392857142857142,0,0,0,0,0,0,0,0,0,0,0,0,0,0,0,0,0,0,0,0,0,0,0,0,0,0,6.696428571428571
33,W,corn,C3,2.24,low,2019,3,0,2.6785714285714284,0.8928571428571428,0.4464285714285714,0,0,0,4.4642857142857135,0,0,0,0,1.3392857142857142,0.8928571428571428,0,0,0,0,0,0,0,0,0,0,0,0,0,0,0,0,0,0,0,0,10.714285714285714
34,E,soybean,S2,18.532,conv,2019,3,0,0.05396071659831642,0.16188214979494928,0,0,0,0,0,0.05396071659831642,0,0,0,0,0,0,0,0,0,0,0,0,0,0,0,0,0,0,0,0,0,0,0,0,0,0.26980358299158214
34,W,soybean,S2,18.532,low,2019,3,0,0.10792143319663285,0.05396071659831642,0,0,0,0,0,0.10792143319663285,0,0,0,0,0,0,0,0,0,0,0,0,0,0,0,0,0,0,0,0,0,0,0,0,0,0.26980358299158214
35,E,corn,C2,2.24,conv,2019,3,0.8928571428571428,1.7857142857142856,12.499999999999998,0,0,0,0,2.2321428571428568,0,0,0,0,0,0.4464285714285714,0,0,0,0,0,0,0,0,0,0,0,0,0,0,0,0,0,0,0,0,17.857142857142854
35,W,corn,C2,2.24,low,2019,3,0,7.142857142857142,12.499999999999998,0,0,0,0,4.910714285714286,0,0,0,0,0,6.696428571428571,0,0,0,0,0,0,0,0,0,0,0,0,0,0,0,0,0,0,0,0,31.249999999999996
36,E,soybean,S3,18.532,conv,2019,3,0,0,0,0,0,0,0,0,0,0,0,0,0,0,0,0,0,0,0,0,0,0,0,0,0,0,0,0,0,0,0,0,0,0,0
36,W,soybean,S3,18.532,low,2019,3,0,0.05396071659831642,0.05396071659831642,0,0,0,0,0,0.05396071659831642,0,0,0,0,0,0,0,0,0,0,0,0,0,0,0,0,0,0,0,0,0,0,0,0,0,0.16188214979494928
37,E,soybean,S4,18.532,conv,2019,3,0.05396071659831642,0,0.10792143319663285,0,0,0,0,0,0.10792143319663285,0,0,0,0,0,0,0,0,0,0,0,0,0,0,0,0,0,0,0,0,0,0,0,0,0,0.26980358299158214
37,W,soybean,S4,18.532,low,2019,3,0,0.10792143319663285,0,0,0,0,0,0,0,0,0,0,0,0,0,0,0,0,0,0,0,0,0,0,0,0,0,0,0,0,0,0,0,0,0.10792143319663285
38,E,oat,O3,2.24,low,2019,3,0,50.89285714285714,0,0,10.714285714285714,0,0,20.535714285714285,15.624999999999998,0,0,0,0,0.4464285714285714,0,0,0,0,0,0,0,0,0,0,0,0,0,0,0,0,0,0,0,0,98.21428571428571
38,W,oat,O3,2.24,conv,2019,3,8.035714285714285,12.94642857142857,0,0,0,0,0,26.33928571428571,10.714285714285714,0,0,0,0,0,0,0,0,0,0,0,0,0,0,0,0,0,0,0,0,0,0,0,0,0,58.03571428571428
39,E,alfalfa,A4,2.24,conv,2019,3,17.857142857142854,6.249999999999999,3.1249999999999996,1.3392857142857142,19.642857142857142,0,0,18.303571428571427,4.910714285714286,1.7857142857142856,0,0,0,5.803571428571428,0.4464285714285714,0,0,0,0,0,0,0,0,0,0,0,0,0,0,0,0,0,0,0,79.46428571428571
39,W,alfalfa,A4,2.24,low,2019,3,12.499999999999998,15.178571428571427,0,10.714285714285714,0,0,0,44.19642857142857,6.249999999999999,0.8928571428571428,0,0,0,7.142857142857142,0,0,0,0,0,0,0,0,0,0,0,0,0,0,0,0,0,0,0,0,96.87499999999999
41,E,alfalfa,A4,2.24,conv,2019,4,22.32142857142857,12.053571428571427,1.3392857142857142,0,3.571428571428571,0,3.1249999999999996,11.160714285714285,3.1249999999999996,0.4464285714285714,0,0,0,5.357142857142857,0,0,0,0,0,0,0,0,0,0,0,0,0,0,0,0,0,0,0,0,62.49999999999999
41,W,alfalfa,A4,2.24,low,2019,4,11.160714285714285,24.999999999999996,5.803571428571428,0,8.482142857142856,0,0.8928571428571428,8.035714285714285,0,0.4464285714285714,0,0,0,5.357142857142857,0,0,0,0,0,0,0,0,0,0,0,0,0,0,0,0,0,0,0,0,65.17857142857142
42,E,corn,C3,2.24,low,2019,4,0,3.571428571428571,3.571428571428571,0,0,0,0,1.7857142857142856,1.3392857142857142,0,0,0,0,0,0,0,0,0,0,0,0,0,0,0,0,0,0,0,0,0,0,0,0,0,10.267857142857142
42,W,corn,C3,2.24,conv,2019,4,1.7857142857142856,0.8928571428571428,1.7857142857142856,0,0,0,9.374999999999998,5.357142857142857,0,0,0,0,0,0,0,0,0,0,0,0,0,0,0,0,0,0,0,0,0,0,0,0,0,0,19.19642857142857
43,E,corn,C4,2.24,low,2019,4,0,22.32142857142857,14.732142857142856,0.4464285714285714,0,0,0,0.4464285714285714,0,0,0,0,0,0,0,0,0,0,0,0,0,0,0,0,0,0,0,0,0,0,0,0,0,0,37.94642857142857
43,W,corn,C4,2.24,conv,2019,4,0,37.05357142857142,8.482142857142856,0,0,0,0,0.8928571428571428,0,0,0,0,0,0,0,0,0,0,0,0,0,0,0,0,0,0,0,0,0,0,0,0,0,0,46.42857142857142
44,E,soybean,S2,18.532,low,2019,4,0,2.6980358299158214,0,0,0,0,0,0,0,0,0,0.05396071659831642,0,0,0,0,0,0,0,0,0,0,0,0,0,0,0,0,0,0,0,0,0,0,2.7519965465141376
44,W,soybean,S2,18.532,conv,2019,4,0,0.26980358299158214,0,0,0,0,0,0.26980358299158214,0,0,0,0,0,0,0,0,0,0,0,0,0,0,0,0,0,0,0,0,0,0,0,0,0,0,0.5396071659831643
45,E,corn,C2,2.24,conv,2019,4,0.4464285714285714,0,0,0,0,0,0,9.821428571428571,0,0,0,0,0,0,0,0,0,0,0,0,0,0,0,0,0,0,0,0,0,0,0,0,0,0,10.267857142857142
45,W,corn,C2,2.24,low,2019,4,0,0,0,0,0,0,0,12.94642857142857,0.4464285714285714,0,0,0,0.4464285714285714,0,0,0,0,0,0,0,0,0,0,0,0,0,0,0,0,0,0,0,0,0,13.839285714285714
46,E,soybean,S4,18.532,conv,2019,4,0,0,0.16188214979494928,0,0,0,0,0,0.05396071659831642,0,0,0,0,0,0,0,0,0,0,0,0,0,0,0,0,0,0,0,0,0,0,0,0,0,0.2158428663932657
46,W,soybean,S4,18.532,low,2019,4,0,0.16188214979494928,0.05396071659831642,0,0,0,0,0,0,0,0,0,0.05396071659831642,0,0,0,0,0,0,0,0,0,0,0,0,0,0,0,0,0,0,0,0,0,0.26980358299158214
47,E,soybean,S3,18.532,low,2019,4,0,0,0,0,0,0,0,0,0,0.05396071659831642,0,0,0,0,0,0,0,0,0,0,0,0,0,0,0,0,0,0,0,0,0,0,0,0,0.05396071659831642
47,W,soybean,S3,18.532,conv,2019,4,0,0,0,0,0,0,0,0,0,0,0,0,0,0,0,0,0,0,0,0,0,0,0,0,0,0,0,0,0,0,0,0,0,0,0
48,E,oat,O3,2.24,conv,2019,4,0.4464285714285714,8.928571428571427,10.267857142857142,0,0.4464285714285714,0,0,17.410714285714285,6.249999999999999,0,0,0,0,1.7857142857142856,0,0,0,0,0,0,0,0,0,0,0,0,0,0,0,0,0,0,0,0,45.535714285714285
48,W,oat,O3,2.24,low,2019,4,0.4464285714285714,33.92857142857142,1.3392857142857142,0,0,0,0,20.08928571428571,4.017857142857142,0,0.4464285714285714,0,0,2.2321428571428568,0,0,0,0,0,0,0,0,0,0,0,0,0,0,0,0,0,0,0,0,62.49999999999999
49,E,oat,O4,2.24,conv,2019,4,0.4464285714285714,11.607142857142856,3.1249999999999996,0,1.3392857142857142,0,0,40.62499999999999,7.5892857142857135,0,0,0,0,6.249999999999999,0,0,0,0,0,0,0,0,0,0,0,0,0,0,0,0,0,0,0,0,70.98214285714285
49,W,oat,O4,2.24,low,2019,4,1.7857142857142856,8.035714285714285,2.6785714285714284,0,1.7857142857142856,0,0,54.01785714285714,7.5892857142857135,3.571428571428571,0,0,3.1249999999999996,7.5892857142857135,0,0,0,0.4464285714285714,0,0,0,0,0,0,0,0,0,0,0,0,0,0,0,0,90.62499999999999
11,E,corn,C3,2.08,low,2020,1,0,63.46153846153846,0.9615384615384615,0,0,0,0,2.4038461538461537,0,0.4807692307692307,0,0,0,0,0,0,0,0,0,0,0,0,0,0,0,0,0,0,0,0,0,0,0,0,67.3076923076923
11,W,corn,C3,2.08,conv,2020,1,0.9615384615384615,2.4038461538461537,2.4038461538461537,0,0,0.9615384615384615,0,2.4038461538461537,0,0,0,0,0,0,0,0,0,0,0,0,0,0,0,0,0,0,0,0,0,0,0,0,0,0,9.134615384615385
12,E,soybean,S4,18.532,conv,2020,1,0.16188214979494928,0.10792143319663285,0.10792143319663285,0,0,0,0,0,0.05396071659831642,0,0,0,0,0,0,0,0,0,0,0,0,0,0,0,0,0,0,0,0,0,0,0,0,0,0.4316857327865314
12,W,soybean,S4,18.532,low,2020,1,0,0,0,0,0,0,0,0.10792143319663285,0.05396071659831642,0,0,0,0,0,0,0,0,0,0,0,0,0,0,0,0,0,0,0,0,0,0,0,0,0,0.16188214979494928
13,E,corn,C2,2.08,low,2020,1,0,5.288461538461538,0.9615384615384615,0,0,0,0,12.019230769230768,0,0,0,0,0,0,0,0,0,0,0,0,0,0,0,0,0,0,0,0,0,0,0,0,0,0,18.26923076923077
13,W,corn,C2,2.08,conv,2020,1,0,44.71153846153846,0,0,0,0,0,1.923076923076923,1.4423076923076923,0.9615384615384615,0,0,3.3653846153846154,0,0,0,0,0,0,0,0,0,0,0,0,0,0,0,0,0,0,0,0,0,52.40384615384615
14,E,alfalfa,A4,2.08,conv,2020,1,64.90384615384615,31.25,11.057692307692307,0,8.653846153846153,0,0,4.326923076923077,6.730769230769231,0,0,0,0,6.25,0,0,0,0,0,0,0,0,0,0,0,0,0,0,0,0,0,0,0,0,133.1730769230769
14,W,alfalfa,A4,2.08,low,2020,1,11.538461538461538,68.26923076923077,69.23076923076923,0.9615384615384615,39.90384615384615,0,0,3.3653846153846154,1.923076923076923,0,0,0,0,8.653846153846153,0,0.4807692307692307,0,0.4807692307692307,0,0,0,0,0,0,0,0,0,0,0,0,0,0,0,0,204.8076923076923
15,E,oat,O3,2.08,conv,2020,1,0,6.25,0,0,0,0,0,1.4423076923076923,7.692307692307692,0.9615384615384615,0,0,0,0,0,0,0,0,0,0,0,0,0,0,0,0,0,0,0,0,0,0,0,0,16.346153846153847
15,W,oat,O3,2.08,low,2020,1,0,2.8846153846153846,0,0,0,0,0,0.4807692307692307,19.71153846153846,0,0,0,0,0,0,0,0,0,0,0,0,0,0,0,0,0,0,0,0,0,0,0,0,0,23.076923076923077
16,E,soybean,S3,18.532,low,2020,1,0.10792143319663285,0,0,0,0,0,0,0.26980358299158214,0.16188214979494928,0,0,0,0,0,0,0,0,0,0,0,0,0,0,0,0,0,0,0,0,0,0,0,0,0,0.5396071659831643
16,W,soybean,S3,18.532,conv,2020,1,0.05396071659831642,0.05396071659831642,0.16188214979494928,0,0,0,0,0.48564644938484786,0.10792143319663285,0,0,0,0.10792143319663285,0,0,0,0,0,0,0,0,0,0,0,0,0,0,0,0,0,0,0,0,0,0.9712928987696957
17,E,corn,C4,2.08,conv,2020,1,4.326923076923077,5.769230769230769,8.653846153846153,0,0,0,0,0,0,0.4807692307692307,0,0,0,0,0,0,0,0,0,0,0,0,0,0,0,0,0,0,0,0,2.8846153846153846,0,0,0,22.115384615384613
17,W,corn,C4,2.08,low,2020,1,0,30.769230769230766,2.8846153846153846,0,0,0,0,2.4038461538461537,0,0,0,0,1.4423076923076923,0,0,0,0,0,5.288461538461538,0,0,0,0,0,0,0,0,0,0,0,0,0,0,0,42.78846153846154
18,E,oat,O4,2.08,low,2020,1,3.3653846153846154,31.73076923076923,3.846153846153846,0,0,0,0,0,24.038461538461537,0,0,0,0,3.846153846153846,0,0,0,0,0,0,0,0,0,0,0,0,0,0,0,0,0,0,0,0,66.82692307692308
18,W,oat,O4,2.08,conv,2020,1,0.9615384615384615,9.615384615384615,0,0,0,0,0,0.9615384615384615,22.596153846153847,0.4807692307692307,0,0,0,3.3653846153846154,0,1.4423076923076923,0,0.4807692307692307,0,0,0,0,0,0,0,0,0,0,0,0,0,0,0,0,39.90384615384615
19,E,soybean,S2,18.532,conv,2020,1,0.2158428663932657,0,0,0,0,0,0,1.133175048564645,0,0,0,0,0,0,0,0,0,0,0,0,0,0,0,0,0,0,0,0,0,0,0,0,0,0,1.3490179149579107
19,W,soybean,S2,18.532,low,2020,1,0,1.9425857975393914,0,0,0,0,0,2.9678394129074035,0.16188214979494928,0,0,0,0,0,0,0,0,0,0,0,0,0,0,0,0,0,0,0,0,0,0,0,0,0,5.072307360241744
21,E,soybean,S4,18.532,low,2020,2,0.37772501618821497,0.10792143319663285,0,0,0,0,0,0.10792143319663285,0.05396071659831642,0,0,0,0,0,0,0,0,0,0,0,0,0,0,0,0,0,0,0,0,0,0,0,0,0,0.6475285991797971
21,W,soybean,S4,18.532,conv,2020,2,0,0,0.2158428663932657,0,0,0,0.16188214979494928,0.16188214979494928,0,0,0,0,0,0,0,0,0,0,0,0,0,0,0,0,0,0,0,0,0,0,0,0,0,0,0.5396071659831643
22,E,corn,C4,2.08,low,2020,2,0,15.384615384615383,0.4807692307692307,0.4807692307692307,0,0.4807692307692307,3.3653846153846154,0.4807692307692307,0,0.4807692307692307,0,0,0,0,0,0,0,0,1.923076923076923,0,0,0,0,0,0,0,0,0,0,0,0,0,0,0,23.076923076923077
22,W,corn,C4,2.08,conv,2020,2,1.4423076923076923,0.9615384615384615,3.846153846153846,0,0,1.923076923076923,0,0.4807692307692307,0,0,0,0,0,0,0,0,0,0,0,0,0,0,0,0,0,0,0,0,0,0,0,0,0,0,8.653846153846153
23,E,corn,C3,2.08,low,2020,2,0,46.15384615384615,0,0,0,0,0,0.4807692307692307,0,0,0,0,0,0,0,0,0,0,0,0,0,0,0,0,0,0,0,0,0,0,0,0,0,0,46.63461538461538
23,W,corn,C3,2.08,conv,2020,2,1.4423076923076923,0.4807692307692307,0.9615384615384615,0,0,0,0,0.4807692307692307,0,0,0,0,0,0,0,0,0,0,0,0,0,0,0,0,0,0,0,0,0,0,0,0,0,0,3.3653846153846154
24,E,corn,C2,2.08,conv,2020,2,0,9.615384615384615,0,0,0,0,0,0.9615384615384615,0.4807692307692307,0,0,0,0,0,0,0,0,0,0,0,0,0,0,0,0,0,0,0,0,0,0,0,0,0,11.057692307692307
24,W,corn,C2,2.08,low,2020,2,0,16.826923076923077,0.9615384615384615,0.4807692307692307,0,0,0.4807692307692307,1.4423076923076923,0.9615384615384615,0,0,0,0.4807692307692307,0,0,0,0,0,0,0,0,0,0,0,0,0,0,0,0,0,0,0,0,0,21.634615384615383
25,E,soybean,S3,18.532,conv,2020,2,0,0,0,0,0,0,0,0.37772501618821497,0.16188214979494928,0,0,0,0,0,0,0,0,0,0,0,0,0,0,0,0,0,0,0,0,0,0,0,0,0,0.5396071659831643
25,W,soybean,S3,18.532,low,2020,2,0,0.16188214979494928,0,0,0,0,0,0.37772501618821497,0.2158428663932657,0,0,0,0.10792143319663285,0,0,0,0,0,0,0,0,0,0,0,0,0,0,0,0,0,0,0,0,0,0.8633714655730628
26,E,oat,O3,2.08,low,2020,2,0,11.057692307692307,0,0,0,0,0,0,0.9615384615384615,0.4807692307692307,0,0,0,0,0,0,0,0,0,0,0,0,0,0,0,0,0,0,0,0,0,0,0,0,12.5
26,W,oat,O3,2.08,conv,2020,2,0,0,1.4423076923076923,0,0,0,0,1.4423076923076923,2.4038461538461537,0,0,0,0,0,0,0,0,0,0,0,0,0,0,0,0,0,0,0,0,0,0,0,0,0,5.288461538461538
27,E,soybean,S2,18.532,low,2020,2,0,0.16188214979494928,0.05396071659831642,0,0,0,0,0.5935678825814806,0.16188214979494928,0,0,0,0,0,0,0,0,0,0,0,0,0,0,0,0,0,0,0,0,0,0,0,0,0,0.9712928987696957
27,W,soybean,S2,18.532,conv,2020,2,0.32376429958989855,0,0,0,0.05396071659831642,0,0,2.6440751133175047,0.05396071659831642,0,0,0,0,0,0,0,0,0,0,0,0,0,0,0,0,0,0,0,0,0,0,0,0,0,3.0757608461040364
28,E,oat,O4,2.08,low,2020,2,1.923076923076923,15.384615384615383,5.769230769230769,0,0,0,0,4.326923076923077,18.26923076923077,0,0,0.4807692307692307,0,10.096153846153845,0,0,0,0,0,0,0,0,0,0,0,0,0,0,0,0,0,2.4038461538461537,0,0,58.65384615384615
28,W,oat,O4,2.08,conv,2020,2,0,7.692307692307692,18.26923076923077,0,0,0,0,3.3653846153846154,16.346153846153847,0,0,0,0,9.134615384615385,0,0,0,0,0,0,0,0,0,0,0,0,0,0,0,0,0,0,0,0,54.80769230769231
29,E,alfalfa,A4,2.08,low,2020,2,0,22.596153846153847,2.8846153846153846,0,0,23.557692307692307,0,3.846153846153846,0.4807692307692307,0,0,0,0,14.903846153846153,0,0.4807692307692307,0,0,0,0,0,0,0,0,0,0,0,0,0,0,0,0,0,0,68.75
29,W,alfalfa,A4,2.08,conv,2020,2,27.403846153846153,6.730769230769231,2.8846153846153846,0,0,87.01923076923076,0,1.923076923076923,0,0,0,0,0,10.096153846153845,0,0,0,0,0,0,0,0,0,0,0,0,0,0,0,0,0,0,0,0.4807692307692307,136.53846153846155
31,E,soybean,S4,18.532,conv,2020,3,0,0,0,0,0,0,0,0.05396071659831642,0,0,0,0,0,0,0,0,0,0,0,0,0,0,0,0,0,0.05396071659831642,0,0,0,0,0,0,0,0,0.10792143319663285
31,W,soybean,S4,18.532,low,2020,3,0,0,0,0,0,0,0,0,0,0.05396071659831642,0,0,0,0,0,0,0,0,0,0,0,0,0,0,0,0,0,0,0,0,0,0,0,0,0.05396071659831642
32,E,alfalfa,A4,2.08,conv,2020,3,2.4038461538461537,8.653846153846153,0.4807692307692307,0,40.38461538461538,0,0,4.8076923076923075,0,0,0,0,0,18.75,0,2.8846153846153846,0,0,0,0,0,0,0,0,0,0,0,0,0,0,0,0,0,0,78.36538461538461
32,W,alfalfa,A4,2.08,low,2020,3,0.4807692307692307,64.42307692307692,0.9615384615384615,0,3.3653846153846154,0,0,2.4038461538461537,0,0,0,0,0,16.346153846153847,0,0,0,0,0,0,0,0,0,0,0,0,0,0,0,0,0,0,0,0,87.98076923076923
33,E,soybean,S3,18.532,conv,2020,3,0.05396071659831642,0,0.5396071659831643,0,0.05396071659831642,0,0,4.964385927045111,0,0,0,0,0,0,0,0,0,0,0,0,0,0,0,0,0,0,0,0,0,0,0,0,0,0,5.611914526224909
33,W,soybean,S3,18.532,low,2020,3,0,0,0.2158428663932657,0,0.10792143319663285,0,0,2.158428663932657,0,0,0.10792143319663285,0,0.4316857327865314,0,0,0,0,0,0,0,0,0,0,0,0,0,0,0,0,0,0,0,0,0,3.0218001295057197
34,E,corn,C2,2.08,low,2020,3,0,0,8.653846153846153,0,0,0,0,0.9615384615384615,0,0,0,0,0,0,0,0,0,0,0,0,0,0,0,0,0,0,0,0,0,0,0,0,0,0,9.615384615384615
34,W,corn,C2,2.08,conv,2020,3,0,7.211538461538462,0,0,0,0,0,0.4807692307692307,0,0,0,0,0.4807692307692307,0,0,0,0,0,0,0,0,0,0,0,0,0,0,0,0,0,0,0,0,0,8.173076923076923
35,E,soybean,S2,18.532,conv,2020,3,0,0,0,0,0,0,0,0.8094107489747464,0,0,0,0,0,0,0,0,0,0,0,0,0,0,0,0,0,0,0,0,0,0,0,0,0,0,0.8094107489747464
35,W,soybean,S2,18.532,low,2020,3,0,0.37772501618821497,0.05396071659831642,0,0,0,0,1.0792143319663285,0,0,0,0,0,0,0,0,0,0,0,0,0,0,0,0,0,0,0,0,0,0,0,0,0,0,1.5109000647528599
36,E,oat,O3,2.08,conv,2020,3,0.4807692307692307,0.4807692307692307,0,0,0,0,0,0.4807692307692307,12.5,3.3653846153846154,0,0,0,0,0,0,0,0,0,0,0,0,0,0,0,0,0,0,0,0,0,0,0,0,17.307692307692307
36,W,oat,O3,2.08,low,2020,3,0,8.173076923076923,0,0,0,0,0,0.9615384615384615,10.576923076923077,7.692307692307692,0,0,0,0,0,0,0,0,0,0,0,0,0,0,0,0,0,0,0,0,0,0,0,0,27.403846153846153
37,E,oat,O4,2.08,low,2020,3,2.4038461538461537,7.211538461538462,3.3653846153846154,0,0,0.4807692307692307,0,2.4038461538461537,15.384615384615383,0,0,0,0,4.326923076923077,0,0,0,0,0,0.4807692307692307,0,0,0,0,0,0,0,0,0,0,0,0,0,0,36.05769230769231
37,W,oat,O4,2.08,conv,2020,3,1.4423076923076923,41.82692307692307,0.4807692307692307,0,0,0,0,3.846153846153846,10.576923076923077,0.9615384615384615,0,0,0,1.4423076923076923,0,0,0,0.4807692307692307,0,3.846153846153846,0,0,0,0,0,0,0,0,0,0,0,0,0,0,64.90384615384615
38,E,corn,C3,2.08,conv,2020,3,0,23.076923076923077,4.8076923076923075,0,0,0,0,0.4807692307692307,0,0,0,0,0,0,0,0,0,0,0,0,0,0,0,0,0,0,0,0,0,0,0,0,0,0,28.365384615384613
38,W,corn,C3,2.08,low,2020,3,0,0.9615384615384615,4.8076923076923075,0,0,0,0,0.9615384615384615,0,0,0,0,0,0,0,0,0,0,0,0,0,0,0,0,0,0,0,0,0,0,0,0,0,0,6.730769230769231
39,E,corn,C4,2.08,conv,2020,3,0.9615384615384615,0.9615384615384615,5.769230769230769,0,0,0,2.4038461538461537,0.4807692307692307,0,0,0,0,0,0,0,0,0,0,0,0,0,0,0,0,0,0.4807692307692307,0,0,0,0,0,0,0,0,11.057692307692307
39,W,corn,C4,2.08,low,2020,3,0,59.13461538461538,1.923076923076923,0.4807692307692307,0,0,0.4807692307692307,0,0,0,0,0,3.3653846153846154,0,0,0,0,0,23.557692307692307,0,0,0,0,0,0,0.4807692307692307,0,0,0,0,0,0,0,0,89.42307692307692
41,E,corn,C4,2.08,conv,2020,4,0,0,1.4423076923076923,0,0,0,42.30769230769231,0.4807692307692307,0,0,0,0,0,0,0,0,0,0,0,0,0,0,0,0,0,0,0,0,0,0,0,0,0.9615384615384615,0,45.19230769230769
41,W,corn,C4,2.08,low,2020,4,0,1.4423076923076923,0.9615384615384615,0.4807692307692307,0,0,15.384615384615383,0.9615384615384615,0,1.923076923076923,1.4423076923076923,0,2.8846153846153846,0.4807692307692307,0,0.4807692307692307,0,0,0.4807692307692307,0,0,0,0,0,0,0,0,0,0,0,0,0,0,0,26.923076923076923
42,E,soybean,S3,18.532,conv,2020,4,0,0,0,0,0,0,0,0.48564644938484786,0.5935678825814806,0.10792143319663285,0,0,0,0,0,0,0,0,0,0,0,0,0,0,0,0,0,0,0,0,0,0,0,0,1.1871357651629613
42,W,soybean,S3,18.532,low,2020,4,0,0,0,0,0,0,0.32376429958989855,0.48564644938484786,0,0,0,0,0.05396071659831642,0,0,0,0,0,0,0,0,0,0,0,0,0,0,0,0,0,0,0,0,0,0.8633714655730628
43,E,soybean,S4,18.532,low,2020,4,0.16188214979494928,0.4316857327865314,0.2158428663932657,0,0,0,0,0,0.2158428663932657,0,0.05396071659831642,0,0,0,0,0,0,0,0,0,0,0,0,0,0,0,0,0,0,0,0,0,0,0,1.0792143319663285
43,W,soybean,S4,18.532,conv,2020,4,0,0,0,0,0,0,0,0,0.10792143319663285,0.05396071659831642,0,0,0,0,0,0,0,0,0,0,0,0,0,0,0,0,0,0,0,0,0,0,0,0,0.16188214979494928
44,E,corn,C2,2.08,low,2020,4,0,30.769230769230766,0.9615384615384615,0,0,0,0,1.4423076923076923,0.4807692307692307,0,0.4807692307692307,0,0.4807692307692307,0,0,0,0,0,0,0,0,0,0,0,0,0,0,0,0,0,0,0,0,0,34.61538461538461
44,W,corn,C2,2.08,conv,2020,4,0,12.5,2.4038461538461537,0,0,0,0,6.730769230769231,0,0,0,0.9615384615384615,1.923076923076923,0,0,0,0,0,0,0,0,0,0,0,0,0,0,0,0,0,0,0,0,0,24.51923076923077
45,E,soybean,S2,18.532,low,2020,4,0,0,0,0,0,0,0,0.26980358299158214,0,0,0,0,0,0,0,0,0,0,0,0,0,0,0,0,0,0,0,0,0,0,0,0,0,0,0.26980358299158214
45,W,soybean,S2,18.532,conv,2020,4,0,0,0,0,0,0,0,0.8094107489747464,0.10792143319663285,0,0,0,0,0,0,0,0,0,0,0,0,0,0,0,0,0,0,0,0,0,0,0,0,0,0.9173321821713792
46,E,oat,O4,2.08,conv,2020,4,1.923076923076923,2.8846153846153846,3.846153846153846,0,0,0,0,0,13.461538461538462,0.4807692307692307,0,0,0,1.923076923076923,0,0,0,0,0,0,0,0,0,0,0,0,0,0,0,0,0,0,0,0,24.51923076923077
46,W,oat,O4,2.08,low,2020,4,0,11.057692307692307,1.4423076923076923,0,0,0,2.8846153846153846,0.9615384615384615,12.019230769230768,0,0,0,0,1.4423076923076923,0,0,0,0,0,0,0,0,0,0,0,0,0,0,0,0,0,0,0,0,29.807692307692307
47,E,oat,O3,2.08,conv,2020,4,0,7.211538461538462,3.846153846153846,0.4807692307692307,0,0,0,0,12.98076923076923,0,0,0,0,2.8846153846153846,0,0,0,0,0,0,0,0,0,0,0,0,0,0,0,0,0,0,0,0,27.403846153846153
47,W,oat,O3,2.08,low,2020,4,0,0,0.4807692307692307,0,0,0,0,0,3.3653846153846154,0,0,0,0,0.9615384615384615,0,0,0,0,0,0,0,0,0,0,0,0,0,0,0,0,0,0,0,0,4.8076923076923075
48,E,corn,C3,2.08,low,2020,4,0,0,108.17307692307692,0,0,0.4807692307692307,0,0.9615384615384615,0,0,0,0,0,0,0,0,0,0,0,0,0,0,0,0,0,0,0,0,0,0,0,0,0,0,109.61538461538461
48,W,corn,C3,2.08,conv,2020,4,0,2.4038461538461537,5.769230769230769,0.4807692307692307,0,0,0,0.4807692307692307,0,5.769230769230769,0,0,3.846153846153846,0,0,0,0,0,0,0,0,0,0,0,0,0,0,0,0,0,0,0,0,0,18.75
49,E,alfalfa,A4,2.08,conv,2020,4,0.4807692307692307,3.3653846153846154,17.788461538461537,0,0,10.576923076923077,0,0,0.4807692307692307,0,0,0,0,14.903846153846153,0,0,0,0,0,0,0,0,0,0,0,0,0,0,0,0,0,0,0,0,47.59615384615385
49,W,alfalfa,A4,2.08,low,2020,4,0.9615384615384615,2.8846153846153846,8.653846153846153,0,0,4.326923076923077,0,0,0,0,0,0,0,5.288461538461538,0,0,0,0,0,0,0,0,0,0,0,0,0,0,0,0,0,0,0,0,22.115384615384613
